block_index,batch_id,merkle_root,entry_count,sealed_at,block_hash,prev_block_hash
1,2,6acfafddf5baf13ac165d3f20c75b67dbc1815e3962443c43f21c9905d177083,10000,2025-11-22T19:16:57Z,a45bd4fbbd550dec8538364d712fe215f3a576877458ffe85e588a0ccdbcf997,
2,3,186449fff72c5a7bf962fbe6354a8481e7330dc0884fb0ab5db49bbcf513676e,10000,2025-11-22T19:16:57Z,64dc1768c2e5560d895aaa6bcb0f8fba0a4fc8be45156e6415ee643c38fd1b6a,a45bd4fbbd550dec8538364d712fe215f3a576877458ffe85e588a0ccdbcf997
3,4,bb896cf321529c5e41dc71e508849890fcac031b4eebea67fc4271a08bd76803,10000,2025-11-22T19:16:58Z,c1ca2d8004cd922e26980fb407e0a58e226d7d4a24e1d03cd8629f81acccc708,64dc1768c2e5560d895aaa6bcb0f8fba0a4fc8be45156e6415ee643c38fd1b6a
4,5,865ddfb1f70f486526ac9918d53f45b8de042bdad764286703ef9715646c0317,10000,2025-11-22T19:16:58Z,194f00146556d1772a906f7eb310743cff6c31519714e8158bbeccef5883cc7b,c1ca2d8004cd922e26980fb407e0a58e226d7d4a24e1d03cd8629f81acccc708
5,6,21f3c7716b135d92f4ff7aeed4433e3146c24a67b2302a1436a5d924ac2379aa,10000,2025-11-22T19:16:58Z,faa11268c8f982c10e273aa721cb968c957767b5b23befebf5f1ad3679b5355b,194f00146556d1772a906f7eb310743cff6c31519714e8158bbeccef5883cc7b
6,7,40d0aeefc769dd4b29618933450f0c92a6dc0c216b84f0e04ede7eec579be004,10000,2025-11-22T19:16:58Z,829849616cbc1923a1607930915a5c885a4dc4d72979e6d431e88190d6a780cb,faa11268c8f982c10e273aa721cb968c957767b5b23befebf5f1ad3679b5355b
7,8,23132677c6725042d04ae403c5b51d79aa210ccb77ecb6bc872d7a5c1f45427e,10000,2025-11-22T19:16:59Z,fd349f81c5e25715d69405149c6db89ba9d1a556c6b66d15fdc9aaef57b6f6d3,829849616cbc1923a1607930915a5c885a4dc4d72979e6d431e88190d6a780cb
8,9,97b4b53d92e027260779a3a0497fb478a0a7758055d97f57a50c8428ab7f6623,10000,2025-11-22T19:16:59Z,df3f2aaed6aad904cd8acf59d34d50290f29c83e27acbd2c5bbfa83e0187634b,fd349f81c5e25715d69405149c6db89ba9d1a556c6b66d15fdc9aaef57b6f6d3
9,10,08c50fa39bdc316519fc833b0298c0f57588175bd758f46995b7962d18ffdae5,10000,2025-11-22T19:16:59Z,4bee927e6c99969b786dbba0683085af6538bd505853ffc40bbcf5d4a636787c,df3f2aaed6aad904cd8acf59d34d50290f29c83e27acbd2c5bbfa83e0187634b
10,11,1e30e4933dffabb042c48fc63c4a4e4d0354cc69f0b4ad68a07ee34246512c59,10000,2025-11-22T19:17:00Z,2e31a182778accc2a0ccb798eb6d7a427a8ea250ca228aed76d96800bb29e346,4bee927e6c99969b786dbba0683085af6538bd505853ffc40bbcf5d4a636787c
11,12,fb9bbb10b0ab3e17ec351237fb625c00a3fc05306138d597dad5fd51500f3a21,10000,2025-11-22T19:17:00Z,79b1584425440d085f6a023ae69b7836b9df6b1da617e2ca69a684a37234e01d,2e31a182778accc2a0ccb798eb6d7a427a8ea250ca228aed76d96800bb29e346
12,13,b4b41031c11e05d451073a214d9cfc7d6a159de8e4f2ac2fac8f6b91b97eca6b,10000,2025-11-22T19:17:00Z,de2238a9ce0f32bea61e30e9e8f1983056fa150f6e39395372c7c914e87b07e3,79b1584425440d085f6a023ae69b7836b9df6b1da617e2ca69a684a37234e01d
13,14,d0cdee06632777e094da1d6b6b5c7cfcb3af86daf546d915ad5bf39cfb2bbf47,10000,2025-11-22T19:17:01Z,c178ae13d6fffd822a63122c6ec07e871879306a2726ad358ac7aba9eef4340a,de2238a9ce0f32bea61e30e9e8f1983056fa150f6e39395372c7c914e87b07e3
14,15,4d82fc97795ba932b1f271ed918ac4f5965a339787407453829518517987cd64,10000,2025-11-22T19:17:01Z,2525069c543260f8f208a0ef1a423fe7c36b8cffc2feab78c3124797503e51a1,c178ae13d6fffd822a63122c6ec07e871879306a2726ad358ac7aba9eef4340a
15,16,8ef66e722ae0aad304a527c900513d9fdb1be47ff3351b01b89b8709cb282a05,10000,2025-11-22T19:17:01Z,583fc2a41a94aea3bf5a696f85e797e5153fbcda5bf412f6c27a437809424ea5,2525069c543260f8f208a0ef1a423fe7c36b8cffc2feab78c3124797503e51a1
16,17,dd429836c08376bed6e9425d9b149fd270efa31732ddfc34b7077ce63e996003,10000,2025-11-22T19:17:02Z,abe5dbb5abafbd3704f8fa1bf394967eab912766fe8206fc811a52b86cba729d,583fc2a41a94aea3bf5a696f85e797e5153fbcda5bf412f6c27a437809424ea5
17,18,5663054ef7f12bd5ed66cac5ce8ad974552f71fd8e39f179efbdd0047fef2769,10000,2025-11-22T19:17:02Z,0595e6027a5e2fbaec115c75d22f850689102ac45ff0ea19cfbc1d7a0b1e60af,abe5dbb5abafbd3704f8fa1bf394967eab912766fe8206fc811a52b86cba729d
18,19,b97f2490f8e743851dae9aa89fd797e6ce88a643b22e2870bee5ee20f3ebfcda,10000,2025-11-22T19:17:02Z,75f0a6b245f6c9f9e6679325c051ef5fc3ae42f571c901f18a9a40db27b9c5bb,0595e6027a5e2fbaec115c75d22f850689102ac45ff0ea19cfbc1d7a0b1e60af
19,20,7a3a09ac28fc14bf15e9f55fb6a188ba144593d14830b45e6b841a56f32f9a2e,10000,2025-11-22T19:17:03Z,a7de9e1275cc4736cf92933da9e2d9eac0c20d4dd5d6cee5631e321e70581a73,75f0a6b245f6c9f9e6679325c051ef5fc3ae42f571c901f18a9a40db27b9c5bb
20,21,4f92611d565d047d4e2cb41e767ffcafe939a08172342176d0cb44e5c6e79b5b,10000,2025-11-22T19:17:03Z,4ff895d62dced30f43ca3461607b4d644c345f55dcab3e7b439369290c7bad0c,a7de9e1275cc4736cf92933da9e2d9eac0c20d4dd5d6cee5631e321e70581a73
21,22,253fd455b73d3d0afd62f034f7b0e1b62cf73265377ef874c182a783ae1d1d19,10000,2025-11-22T19:17:03Z,61ba62b8d5192635792183e6004eb8bf7b8cc30af5f440f24c3db83d2aa2874e,4ff895d62dced30f43ca3461607b4d644c345f55dcab3e7b439369290c7bad0c
22,23,39dc01050c07e6812b36572f0c17183b6bd6ede6ce126108e6e2e19b33458bd8,10000,2025-11-22T19:17:04Z,e14fe45413eb9cf5b094bc739e0bba0806a867c6ec4acb301caf2a4f35978a11,61ba62b8d5192635792183e6004eb8bf7b8cc30af5f440f24c3db83d2aa2874e
23,24,1eef7d2939cdab5e8f1754f0d16d2c200fbeb63ba53a6c18ee04bad5fde7224e,10000,2025-11-22T19:17:04Z,01052c7193fedcf1f9f8fb2932699e9620cfe0485f30200fadb0c241e81f5db5,e14fe45413eb9cf5b094bc739e0bba0806a867c6ec4acb301caf2a4f35978a11
24,25,f2db360b97eee849554925281f986af7deae46ca73289fb9ba2e76b22a01be6e,10000,2025-11-22T19:17:04Z,4a10e731d51d2d8f19da1da6f3a0a7181c9bf0665f41f3cce28f21220a8800a1,01052c7193fedcf1f9f8fb2932699e9620cfe0485f30200fadb0c241e81f5db5
25,26,4c8b0541e6658c76a8847640ceab221c09e3d4e4e2e122cfe2dfb334d7dc5141,10000,2025-11-22T19:17:05Z,a02a76c97cdee3338e011c75eb812e417d8ab8deecd337bc63dc1d0cab7c3279,4a10e731d51d2d8f19da1da6f3a0a7181c9bf0665f41f3cce28f21220a8800a1
26,27,5b1ad6a115f9edf1bc992160d212b502e3f35472fb4c306c1d21e1f54e73f782,10000,2025-11-22T19:17:05Z,0e43b0b3e902f69eadb068e53243298a5229155f0ecb76e0dda6d6ddc3516e11,a02a76c97cdee3338e011c75eb812e417d8ab8deecd337bc63dc1d0cab7c3279
27,28,63231a181eb5585ef114d3c076d78977dfe49941b8ee918d5ea83406084d7b66,10000,2025-11-22T19:17:05Z,a4bb71d882bdbbc97aca798903d0c30cead1078b9810162b33ea06a646167be3,0e43b0b3e902f69eadb068e53243298a5229155f0ecb76e0dda6d6ddc3516e11
28,29,894cac81366f977d3e57e13c2d4c97be976758ecdd160c3553f158a7bf25d6b6,10000,2025-11-22T19:17:06Z,eea819511c1ce3cf3e43e209d90d581b09985c1691344f288ed420d3a1c5c1e1,a4bb71d882bdbbc97aca798903d0c30cead1078b9810162b33ea06a646167be3
29,30,c870566a387d06dfd75f2d78dd67e016233da1588cfcaebe51925109a1c13930,10000,2025-11-22T19:17:06Z,62965f0f9385c18691826f11315a82394da1355200ce3edb99a2a1472e5f8583,eea819511c1ce3cf3e43e209d90d581b09985c1691344f288ed420d3a1c5c1e1
